,follower_name
0,tkersey
1,njonsson
2,bangpound
3,koconder
4,Rud5G
5,mlsj1
6,syug
7,esneko
8,neopunisher
9,jazzwang
10,fly51fly
11,fallenpegasus
12,fribeiro1
13,brase
14,chchrist
15,massimoselvi
16,ScottJWalter
17,mindcrime
18,MarceloNascimento
19,dmsbilas
20,thimslugga
21,leecardona
22,nara
23,semsphy
24,srp19
25,DaemonCahill
26,Cambera
27,riyadparvez
28,mitaka
29,ZhangYunfang
30,temosy
31,threadstonesecure
32,manuelhunziker
33,ambagasdowa
34,pedro-lima
35,alexharvey
36,josh-fisher
37,kumarlokesh
38,subidit
39,pdevenraj
40,nerandell
41,raghuboosetty
42,tdmalone
43,34code
44,burib
45,whn09
46,bobbyearl
47,alishir
48,ahlfors
49,bsrz
50,mailmahee
51,daefresh
52,dofstar
53,codee
54,EdZava
55,pmanolak
56,kistasi
57,firebitsbr
58,glaucodiogo
59,manjunathd
60,afonsoalban
61,rsaa
62,hvn0413
63,duxing2007
64,ste93cry
65,terran1942
66,itanoss
67,thesobercoder
68,bygbyron3
69,rickymaciel
70,KevinGimbel
71,zsp0817
72,konamo
73,voldyman
74,golf-x
75,alexjennings
76,somaditya
77,apjowen
78,usui-tk
79,dengqixing
80,Davi-He
81,godsoul
82,kumar-nitish
83,PandaBlessing
84,andyuls
85,juanjoruiz2109
86,mangualero
87,proverbs53
88,Rajivhost
89,universewrld
90,HJiefeng
91,kkpan11
92,plumcube
93,magigo
94,ahmadfaizalbh
95,flukebox
96,jakebrinkmann
97,simar1998
98,AAbasinejad
99,virtuoushub
100,huamichaelchen
101,mumblepins
102,b3nkos
103,bretdarby
104,srinitude
105,the-watchmaker
106,codinggooner
107,kimpenguin
108,weisberg
109,ace-coder
110,infinitedreams9586
111,tusharsoni08
112,hoansgithub
113,schallerala
114,alexxyjiang
115,star-fx
116,amavlyanov
117,garciparedes
118,keshabb
119,s0nlxaftrsh0ck
120,mklemann-com
121,roykalony
122,thomasdalbert
123,LavenderDaisy
124,edisona
125,Steven-Acomb
126,kevcooper
127,jodavaho
128,side9show
129,teeksingh
130,kevingrondin
131,koyashiro
132,unlitdev
133,well1791
134,mleziva
135,ykaidashov
136,anand-b
137,xGreat
138,MatterhornProject
139,tolgabuyuktanir
140,cash2059
141,rajabalaji-mp
142,vedamj01
143,jafferlin
144,rodazuero
145,JustCallMe-AK
146,Wyvernslay3r
147,gabrlyg
148,paulosiciliano
149,martinvaldivia
150,rdczhby
151,mys328
152,andrey-berenda
153,sinhang
154,Lakshmiaddepalli
155,mohamed-abdelsattar92
156,rawer886
157,thanhcsf
158,junaid109
159,bafeiyu
160,Ylmzef
161,anlexN
162,Janujan
163,fwblcz
164,djinl520
165,protyay
166,selfishprimate
167,Mwalthery
168,GregAllenSmith
169,zgover
170,avestura
171,aspindle
172,pqrsooo
173,evanshrestha
174,bos-hieu
175,sonimonish00
176,ljesparis
177,imvikramn
178,massivelivefun
179,garrettrh
180,ghishadow
181,shower1986
182,mseld
183,JasonYe88
184,seshurajup
185,xiaopizi19
186,pelamlio
187,Asavarkhul
188,ajay340
189,custadian
190,KlwntSingh
191,FelixFeliciant
192,learnerzhang
193,gamedebug
194,jonathanarodr
195,osama-ahmed
196,nir-zilberman
197,changyongyong
198,bigDP
199,WajahatSiddiqui
200,markjohnlucas
201,Vaibhav
202,manavchoudhary
203,nikolaospapachristou
204,jcarlos001
205,vslala
206,Ngel-Castro
207,dawei-wang
208,George-Petrovski
209,JeffUssing
210,edstgo
211,yxblee
212,barisates
213,ankkrish
214,pratickRoy
215,pereirakadu
216,justinsamuel92
217,dotsnangles
218,609151318
219,RyanAugust
220,igarash1
221,noid11
222,ioing
223,AruulmozhivarmanS
224,Tusharjagi
225,ivaylo-yordanov
226,emullaraj
227,mcguegi
228,nbhirud
229,fischerleon
230,UmutSERIFLER
231,zhu0823
232,Joe192168
233,LindaHaviv
234,ball582
235,dmitrykrisko
236,we1l1n
237,thangnm93
238,dongzhuoyao
239,xuelangqingkong
240,godobyte
241,chanffdavid
242,anomaly-88
243,undabah
244,aymenbelarbi
245,ashish936
246,giotramu
247,0xlkda
248,guilhermebc
249,SMBgurus
250,mate-h
251,artur-sak13
252,yorshreynoso
253,yehuizhang
254,AAdewunmi
255,Zenidog8
256,kalsyanpradeep
257,charaton
258,vonzou
259,jaymahfudy
260,maxsxu
261,keita-hino
262,KyuDounSim
263,Anirudh257
264,joaoantoniomartinsfilho
265,satyarajreddy
266,AnsonHwang86
267,anirudhbagri
268,STCYC
269,rsmelo92
270,StrangerCoug
271,keren123
272,noodanee
273,alobe
274,JadeCong
275,graceko22
276,Timotej979
277,erenaslandev
278,serhiiklenachov
279,camerondurham
280,khanhhuy288
281,gstair
282,ifbowen
283,hotsticker
284,ningfc
285,RishabhKr97
286,jiangoz
287,ardasatata
288,Murplugg
289,tanvirstreame
290,kworkbee
291,arnab-ray
292,yuriykuntsyak
293,StarDustTwinkle
294,bahadirsahin
295,SMSesay
296,jamestiotio
297,anuj97
298,yaelBrown
299,motmaytinh
300,desaidn
301,NoxGamingQC
302,aravinthakannan
303,lingjiekong
304,diohsb
305,janviyao
306,hijiki51
307,mksarge
308,pradeepkni382
309,rdnasim
310,shrinidhibarthur
311,StrangeKnowledgeIncresed
312,Austin47
313,shokriw
314,franklin-monreal
315,xxh031203
316,lossfunc
317,feapaydin
318,loumalouomega
319,garyhtou
320,d3v2null
321,msweetland
322,jrjm1111
323,mitutitu16
324,ShuhaoZQGG
325,akashsathyan
326,chrisskhoury
327,jeremychauvet
328,riturajDas
329,Logicus03
330,chinchillajared
331,isabelchaves
332,shikharsaxena98
333,flukelaster
334,rjuer
335,mussieh
336,lintsai
337,nj1787
338,rockychang7
339,hanwgyu
340,wudangqibujie
341,DihanDai
342,drewfrost
343,MUmarJaved
344,contimatteo
345,amaankulshreshtha
346,hackenbacker
347,petronem
348,my1795
349,Pzoom522
350,Tony-MK
351,nityansuman
352,hahacyd
353,wangtiechuan
354,lynmison
355,anaghkanungo7
356,RickyC0626
357,WladFrazao
358,Ming0217
359,caesar-one
360,Ishanna
361,nvspavankalyanch
362,JoeRMiller
363,devStarscream
364,nkn6294live
365,ShwetaShivangi
366,amwi04
367,pd14196
368,tychodev321
369,Baleryom
370,caitinc
371,almokhtarbr
372,andreacip
373,alexanderafanasov
374,thapaashis110
375,soccernut
376,mdobro1
377,royswale
378,saneknight
379,AnhTrieu
380,janmarkuslanger
381,morinyan
382,gujiacun
383,adileone
384,BIGChask
385,mapjx
386,fuhaoma
387,DXLZ
388,nuffQuantumSayd
389,kekemao00
390,lamsd
391,anuq
392,igorasantos
393,metaphor0
394,iashutoshtiwari
395,yaravi
396,skippermin
397,masakiasami
398,huannvttd98
399,thatbeautifuldream
400,happyqq
401,iameduardod
402,wuchunfu
403,venkate5hgunda
404,whuhxb
405,ks1990cn
406,ronnielutalo
407,Samutichev
408,jongan69
409,nmoisesp
410,kayericson
411,tjolr
412,LuGO0
413,lodhik9
414,cultivate5253
415,akazyti
416,boomer2752
417,Luccasoli
418,abheesht17
419,HebaElGalad
420,himanshututeja1998
421,sevenhqj
422,AsadAmir111
423,CWHer
424,Pei1133
425,SamuelMaculuve
426,pasenchenko
427,jinjidong
428,eemailme
429,Nikronic
430,Razdeep
431,FenTheDev
432,skywalkersPadawan
433,patrick22414
434,Jiahuan-Pei
435,preciouschydo
436,johngunerli
437,akashmdkml
438,Menotron
439,smustafa75
440,nanaboat1
441,Karim-53
442,EthanC-8
443,nitinnbisht
444,ericpark123
445,5l1v3r1
446,Yulv-git
447,hexolan
448,moqsien
449,MilleniumSpark
450,sagsango
451,Programador89
452,robertgro
453,JasonMoon95
454,jackpan123
455,bshreddy
456,TsukasaSeto
457,PallaviVarandani
458,alvinlal
459,awabasher
460,Katsukiniwa
461,PMcTwist
462,hqng
463,rkv0id
464,shiminfxcvii
465,sigsant
466,celikgokhun
467,shiva0612
468,kyamashiro
469,LasVegasBilly
470,Turbocaspal
471,davnunes
472,afondiel
473,johnnyrtrentin
474,stnorbi
475,stacyrymer86
476,zero-null
477,jh9875
478,GITWHB
479,ricardosuman
480,mencarellic
481,rabbithophop
482,ftf1218
483,hirawatt
484,adilet-saken
485,marcomamprin
486,Thejuskbenny
487,nanaxumu
488,GabrielFerrante
489,13995595007
490,tinahuang222
491,Bhavuk-Garg
492,Mzon2857
493,thiagomares
494,mjsheikh
495,anishamalde
496,TeddyCom1
497,prabhumns
498,HyunjunA
499,harishravi121
500,iamharvey
501,rahul-zomato
502,avanishvyas
503,inframarauder
504,YjqZhouxiao
505,erichlin1
506,adhamsalama
507,LuoTailong
508,sovansambath-phann
509,rkej
510,jinshuye
511,ibn-khafagah
512,kartikeytewari
513,MD-ARFIN
514,johncruyff14
515,johan-lab
516,ambanerjee
517,bzamith
518,deviknitkkr
519,Abirul
520,ranefattesingh
521,nesakobi
522,andrewdge
523,RobertConde
524,hartl3y94
525,saarthdeshpande
526,leechenze
527,Dexterzprotege
528,sandrawilczynski
529,Debarshi95
530,gauharayub
531,GowthamSk1
532,PolyVoid
533,middas-0706
534,WendyYanto
535,batuhan-basoglu
536,sangamesh-kodge
537,claudsonbarros
538,yotamnahum
539,huiminlim
540,sumukhteja
541,valtab
542,JankinTian
543,djmcclary
544,theroyakash
545,sadoreko
546,billsenxu
547,MarcoSantonastasi
548,cheungfujai
549,amadsalmon
550,infinitepower18
551,ashr4f1arr2ad
552,rgdyy
553,shayanekat
554,fellipematos
555,KlinKlinKlin
556,ishu-thakur
557,brijeshbhalodiya
558,zaaakher
559,XRLZX8
560,soumyadbanik
561,zhnzhang
562,yhf98
563,xjhofernandes
564,gauravagrwal
565,juanca-jimi
566,mapy1874
567,JohnDNC
568,zeelsheladiya
569,ImKunYoung
570,EduardHov
571,risejl
572,Soumil-Bhattacharya
573,mahmoudmohamed22
574,johnmccants002
575,samedsemihs
576,moramadan98
577,aymandarwish
578,HongLouyemeng
579,maniac1122
580,Sambit650
581,haja-fgabriel
582,kohring
583,okonri
584,leopoldoH
585,cnhuz
586,liltommy1dev
587,Wwillers
588,owini
589,amirmojarad
590,devkcud
591,RichardZj
592,nolvuscodes
593,MarcoSteinke
594,acox216
595,smy1999
596,anujchoudhary-17
597,mazrean
598,XrosLiang
599,994Simone
600,Mystic-77
601,bruno-aires
602,Jirigesi
603,imokhtar
604,ArthurAnastopulos
605,w3dg
606,guilefoylegaurav
607,plutoniumm
608,denmj
609,frankxzAmazon
610,ericwidjaja
611,mirfanaslam
612,nayeonshin
613,xiaozhiob
614,u-yas
615,smelouah
616,icqmula
617,dmascheck
618,Abhirajnow
619,sanjuchandra
620,sadiqshaik123
621,cccaimingjian
622,anurag01a
623,masrafi115
624,sm-heard
625,agastaldellomaccomit
626,steffiypx
627,AdnanAaddi
628,MaxDeveloper16
629,leonardofoohawyang
630,tenpa007
631,gtrman97
632,MuffinAmor
633,rushilenekar20
634,soma2000-lang
635,jin-sungdae
636,Git-Codder
637,Ayush-Pujari-07
638,goillotc
639,2019-GitHub-Chu
640,chinkin707
641,frankporco
642,adithya1010
643,sametcn99
644,anubhvshrma18
645,Aditya-Khemka
646,chanwoo00106
647,FrankQixiangGao
648,alikemalozgumus
649,Codesmaster-lab
650,gwd666
651,Supriyo8799
652,Maher-RJ
653,Dajun-2019
654,stevenrsewell
655,Symon629
656,kranti2201
657,prad-j
658,jaquespavan
659,huiyouyou
660,vignesh5535
661,huai-jie
662,chrichri17
663,GessioMori
664,TylerMamrot
665,danmslamt
666,Pecorari
667,1MuhammadFarhanAslam
668,najmehn00
669,Uplift-0508
670,TatsuyaNakagoshi
671,NonymousMorlock
672,EfeAcar6431
673,akinfelami
674,avstreamdevpro
675,NaoyaTatetsu
676,mijung-in-11st
677,simonjgr
678,avadhutjc
679,MLHaddon
680,Capital-SetMawHtay
681,jcork4real
682,aditya-repos
683,spencerlepine
684,calbergs
685,yusuke-z
686,jimmysmits
687,Drag0nf1y
688,JohnDoll2023
689,ssantoshp
690,vinodpatildev
691,mmhamdy
692,VitorAkira-me
693,solfonte
694,HeroIPmonkey
695,Matt-Bulk
696,xiao-cy
697,galichy79
698,thefaheemkhan
699,Flaiers
700,avishekchy45
701,Derokkk
702,Shahna-C
703,Ethan-Ka
704,grahamwaters
705,deezeddd
706,jaymepsantos
707,mohamedhabibwork
708,anurag1504t
709,rajveer43
710,Kushan2k
711,Thilak-KN
712,katopiler
713,AesisGit
714,rafaelporfiriobarros
715,OBud75
716,yosefkiros
717,HamdanAr
718,ralintuscano
719,rhattox
720,FurkanEdizkan
721,SegaGLm
722,celso-na-teixeira
723,nilesh05apr
724,EM51641
725,seanpm2001
726,thiagodebugs
727,dylanhood
728,JohnPPinto
729,oss-mad
730,AHANCIT
731,sebaminaya0
732,d-t-n
733,rbuchmann77
734,Rameshraj55
735,SeifEldinMohamed
736,seungha-0709
737,SteCC
738,JoseRicardoPE
739,PhumyJS
740,yuyingjun0922
741,SHakhzodTojiyev
742,ShabbirHasan1
743,klkuogamer
744,Gopalakrishnang99
745,yagikota
746,DougRog
747,rdbender
748,uivid64
749,deevanshu-k
750,linquint
751,jeanhackpy
752,PhaedrusFlow
753,nguyen-duy-tan
754,Tpeach9474
755,KennyOliver
756,ronnieangeles
757,mahmud0v
758,carnate-tech
759,mertkilix
760,Ghost1386
761,istellaliu
762,QuantumBoy1010
763,polygonnedpotato
764,MadushanNimantha
765,Choikyudong
766,Harshi-itaSinha
767,anthowest
768,emiltervo
769,mohd-salem
770,Infisrael
771,MateSousa
772,marcelozepeunam
773,canyoldas0
774,erfuun
775,madcitymultimedia
776,arunavabasu-03
777,JonathanCristovao
778,ddiogoo
779,ugke
780,Gustavo-Murdiga88
781,uk-2
782,aadarsh-af
783,karthikmurakonda
784,littlelionly
785,vidda5
786,AndreiMariciuc
787,tatvil
788,michelececcacci
789,nabeelnoor
790,sherlcok314159
791,mist1024
792,elerner42
793,vedantraval2310
794,juliana-silva-hub
795,sudongyuer
796,LlandspitRunzingf
797,Westsi
798,AnmolVerma404
799,JoseLopezSolis
800,Ashish0898
801,farinaceos
802,zamoosh
803,anadeem2
804,natdosan
805,cx63cc
806,ForBai
807,David7ce
808,chococandy63
809,TruongNhanNguyen
810,itsRealEllis
811,weiliw-amz
812,lllllllllliiiilllliiliiiilllli
813,VenuGarlapati26
814,samliu90
815,FukazawaKazushi
816,TheTrueKen
817,StephenOravec
818,sbdeveloper90
819,loupprodi
820,shirushi-dev
821,Samruddhi362
822,clearljn
823,Mairobinsky
824,pritamkpratihari
825,HenryDV
826,federicoreppucci-deliveroo
827,buiquangthanhcode
828,MJ-Tech-H
829,KendallDoesCoding
830,Shrey-Srivastava21
831,harshglory129
832,niravpi
833,Itisjigar
834,piyush31009
835,adnene-guessoum
836,Yajie-Zhang
837,huseyingirgin-eva
838,script-lab
839,ccampa896
840,Ahmedhamza1232001
841,ishika1501
842,mdzaberalhamid
843,MuziZwane
844,batz-gg
845,jmoore78
846,Sai-teja-rachamalla
847,ekaterina4952
848,KalvenDebig
849,kumartul
850,loraxoy
851,YoliswaD
852,frankpengau
853,wanjanhasan
854,ndnan
855,NickMezacapa
856,fedebayer
857,xwillxu
858,danielaiyuan
859,NavratanPatel
860,Mohammadflht
861,Tahsin411934
862,Samruddhiiii
863,fvarghese99
864,rediahmds
865,nishantb06
866,Louuuaiii
867,FelipeFama
868,sanju50201
869,marcusPrado02
870,Arshu200
871,josephmartinmoran
872,AndreCoutinhom
873,natamartins
874,sssamm1
875,techprogo
876,mgaspirc
877,SarfarajRahmn
878,Aniketchaudhary16
879,JeromeXapix
880,ClaudiaA18
881,ElizabethJoseph25
882,Manbendra2014
883,Saleheddin
884,heshara2000
885,Shahid6289
886,henry-vipnet360
887,Kishank111
888,thrashghost
889,prejin2310
890,alismask
891,rodrigommar
892,Sudhanva-Nadiger
893,ethangutknecht
894,mb4m1
895,Lucas1114
896,puppsupr
897,naji0329
898,SuperSmile0109
899,Giasinit
900,apella1
901,0laday0
902,pannacottaaaa
903,mars-aria
904,bed-com-29-19
905,ygill
906,isaacbrendel
907,Avidlearner001
908,zagui-master
909,Ganesh972
910,marupon3910
911,Fuko-Ibuki
912,JeffreyChim
913,supbrice
914,black-mold
915,BrunoGr0883
916,tomgangwang
917,emmyoh
918,leonardonakagawa
919,chkp-bryans
920,hgnzheng
921,agurinv
922,sghost13
923,SpikyWU7
924,shashank-mishra14
925,KoolSoul
926,Naveen2334
927,IAMPARSI
928,LeonMS123
929,Angie-Zhang
930,Vladdstian
931,satayuji
932,HJPandey
933,ryanherd
934,gremsyQuanLe
935,Kenaaaaaa
936,koray-aydin
937,lchen104
938,louisphihaihoang
939,YasinAshorian
940,RahulDubey391
941,SnKToR
942,Rupesh510
943,akshit2257
944,pppppyamaP
945,Rajesh562020
946,Trik01
947,zahidhussain998
948,hemsridh
949,DDDavey
950,lowep
951,yolo102938
952,FlawlessCasual17
953,dhineshprabakaran
954,qdclub
955,asimpson0000
956,dmytrochumakov
957,thatme12
958,The-code-is-secret
959,jeremyw-dobeu
960,christine-sandbox
961,maxrathmann
962,AaronSMathew
963,FIDEL7Z
964,MirboboyevJasurjan
965,nadprime
966,aka5050
967,tori-ham
968,boscotba
969,jasonthedataguy
970,AContesini
971,julianomolinari
972,Ponthezs
973,akhmadmamirov
974,bourbakiN97
975,Myceliose
976,mil2tech
977,ad0niram
978,chrisgomad
979,looooooooy
980,ayitharevanth
981,Julioalvestv
982,seespike
983,penguinpottery
984,crr-bbai
985,ComprehensiveAmoeba
986,andedavd
987,WLHQ
988,manuelortizus
989,aibolu
990,MaxBryne
991,Frisek
992,shanenichols-channeladvisor
993,mircoisendu
994,soriqoo
995,romans1234
996,silviana-hs
997,risingcurve
998,rigvedp97
999,jcf170030
1000,ThomasCode92
1001,rsenthur
1002,xmartinsbr
1003,JulienCamp
1004,ryan-w-roche
1005,montyma-amazon
1006,BryantVencil
1007,Vasco-Arts
1008,AgentofPhoenix
1009,JapnoorHere
1010,Zaka123456
1011,Pulimi1991
1012,modabossymaxk
1013,Janxxxx
1014,BandhiyaHardik
1015,srdegbe
1016,pushkarcode
1017,bbazwalt
1018,Calum09
1019,TaryNascimento
1020,Itzkuldeep444
1021,rafaelgandis
1022,iamchiranjeebpanda01
1023,gsoni1
1024,aniruddhawathare
1025,Qianru69
1026,mrlizhaozhi
1027,soorajaryan007
1028,IKashCode
1029,Anmol5519
1030,bhargavbijjam
1031,BigSlum
1032,RomDev7
1033,doski22
1034,allaboutevemirolive
1035,hongbo-wei
1036,mdhumairraza
1037,Laindrion
1038,kdelcampo13
1039,Hoppeful
1040,vaddikeshavareddy
1041,MahdiCodee
1042,DonzerHD
1043,darenj456
1044,coder-nian
1045,shubmanh
1046,kybex11
1047,VasanthamHimaanshu
1048,SvipWangyh
1049,innocentc
1050,1jana0
1051,Armkas
1052,mgtian03
1053,GuilhermeeCustodio
1054,rajwadejii
1055,carlosgomezi
1056,RaviYadav02
1057,DadMouth82
1058,jvitorlk
1059,aliandead
1060,Su-Tcode
1061,gitteedara
1062,iam-back
1063,Ananya2311
1064,MaxwellNi
1065,winfredbo
1066,Xie-h-bin123
1067,Sheepdog2022
1068,Salvapazzo86
1069,Mohamed988o
1070,htiennv
1071,Shashank1407
1072,ali-fraz
1073,sbaws
1074,rany01
1075,Anis-Web
1076,Ig0rFA
1077,wshanleee
1078,ansh2903
1079,konpap-chan
1080,sudoblanc
1081,Arun-gox
1082,amitsingh2022
1083,java-oss
1084,misaelsp
1085,developer1618
1086,JaafarLezzaik
1087,AliHossam98
1088,Renpeng01
1089,shanechioa
1090,davidade300
1091,pchalise7
1092,Valliebby
1093,camilasoares045
1094,poemww
1095,Alexdon1988
1096,Svetozara3363
1097,MarcelloCordal
1098,github-world192
1099,rajeshkanugu
1100,sivalaxman07
1101,raphaelguardiano
1102,choiruddine
1103,Nithin-singiri
1104,adiibnuajat
1105,krishnagptamcs
1106,yanwei257
1107,gauravchakrxborty
1108,sergiojfsunior
1109,GiuLOCX
1110,firefitdesgns
1111,themrhoffmann
1112,mgrundwuermer
1113,Philipabao
1114,bnmbz
1115,Parvbird
1116,Olaffson
1117,Hamza-H10
1118,karthik121222
1119,timboslice832
1120,gilleswb
1121,Naruto-79
1122,aostar168
1123,tinajiang26
1124,marcosdataleal
1125,nandarshan
1126,HappyDream0317
1127,martinOofay2023
1128,gviictxr
1129,RomanGleizer
1130,josielabreu
1131,VISHALVARUN011002
1132,ColdCodedotso
1133,19raulruiz68
1134,zaim03767
1135,imishangrover
1136,wiscdn
1137,ortanaV2
1138,sks972
1139,omarhabd
1140,Kayra-Baran
1141,purushoth2603
1142,ywangire
1143,ZenShuHara
1144,chende1121
1145,TF-185
1146,Tanzimalahi
1147,VidhiS07
1148,JCOOPER5646
1149,SangaoWe
1150,Maycon-dSilva
1151,imanol-2021-12
1152,andregustavoaguiar
1153,aws-apradana
1154,choimikey
1155,yudai-shibuya
1156,datamoro
1157,Maycon-Melo
1158,lanjua5899
1159,AnnaleaLayton
1160,Xeshing
1161,notjustjoshin
1162,niveshatom11
1163,LucaMaximilianBuchwald
1164,amenihong
1165,MT-Designs
1166,ben9672
1167,YuvalYanay
1168,Abeldsonndiku
1169,WIN1NG22
1170,GauravDevOps711
1171,paracatuatomico
1172,PatientProblemSolver
1173,the-new-fifty-two
1174,DavideSchirru17
1175,CameronScarpati
1176,adityadatta11
1177,joaovgcoelho
1178,V-AI-ML-DL-DS-PL-PYTHON-JAVA-GO-2023-0
1179,Umesh2851997
1180,Amisha-verma2907
1181,ocupadaparavc
1182,hyeonu-kim
1183,nogueiralf
1184,zactseng
1185,ricberht
1186,ChamelePhantom
1187,abolfazlhajjar
1188,Tariq-Anjum
1189,vedamjamz
1190,adminjd
1191,Zzzyyy2023
1192,Chrishargrove58
1193,Kikikickss
1194,luneto10
1195,538mansi
1196,INGVARtattoodjnWEBdev
1197,PPCXZ
1198,cvs0
1199,ZumaGr
1200,rshuba4
1201,sairavi5887
1202,ravigiri91
1203,dminduca
1204,vx-vijay
1205,hatimharrati
1206,acya-amazon
1207,niroshinimurugadas
1208,harishravi131
1209,wishspotting
1210,harishravi141
1211,harishravi151
1212,luisdavidpaz
1213,JustSouichi
1214,suncoastcloud
1215,Pranavprasadsinghs
1216,miguelkuter
1217,Pymster
1218,Sethfire2
1219,smart-person
1220,SavetoAI
1221,ANVESHBV
1222,tufanbil
1223,iamakachili
1224,NikolaiYYDS
1225,y-hbb
1226,HkDotPY
1227,Bishal-11
1228,guiherme-git-tec
1229,goeo1066
1230,GitHub7667
1231,arch1024
